ts_index,lag_index,sigma
0.0000000000000000e+00,1.0000000000000000e+00,9.5818579904778503e-02
0.0000000000000000e+00,2.0000000000000000e+00,7.0821577481658654e-02
